{"cameraMode":{"drawMode":0,"name":"Shaded","section":"Shading Mode"},"sceneLighting":true,"audioPlay":false,"sceneViewState":{"m_AlwaysRefresh":false,"showFog":true,"showSkybox":true,"showFlares":true,"showImageEffects":true,"showParticleSystems":true,"showVisualEffectGraphs":true,"m_FxEnabled":true},"in2DMode":false,"pivot":{"x":5.2687764167785648,"y":1.450520634651184,"z":-0.5498380661010742},"rotation":{"x":0.000019463755961623974,"y":0.9979022145271301,"z":-0.06476455181837082,"w":0.0003004447207786143},"size":3.99375319480896,"orthographic":false}